Workbook

Sheet Instructions
A1: ACTIVITY GROWTH TRACKER — QUICK START
A3: 1) Tasks Log: add one row per task. Column A = date (use the date format your app expects).
A4: Column B = task name. Column C = Yes when done, No when not done. Leave B blank to skip a row.
A5: 2) Dashboard: shows today’s date, a daily affirmation, workload insight, pattern-based suggestions,
A6: progress bar, and confetti when today’s tasks reach 100% (at least one task planned).
A7: 3) Affirmation (once per day): after you read it, stamp today’s date in Settings!B1 (Ctrl+; on Windows,
A8: Cmd+; on Mac). The banner hides until the next calendar day.
A9: 4) Workload suggestion: compares average tasks listed vs average completions over the lookback window.
A10: Set Settings!B2 to Yes (any case) to ignore the suggestion.
A11: 5) Google Sheets: File → Import → Upload this workbook, replace spreadsheet, then verify formulas.
A12: Some IMAGE() URLs may require allowing external content. If GIF does not animate, insert an image
A13: manually in the celebration cell.
... A17: Tip: Keep dates consistent (real date values, not text) for best results.

Sheet Dashboard
A1: Activity Growth Tracker
A3: Today | B3: =TEXT(TODAY(),"dddd, mmmm dd, yyyy")
A4: Daily affirmation
A5: =IF(TODAY()=Settings!$B$1,"",INDEX(Affirmations!$B$2:$B$367,MIN(TODAY()-DATE(YEAR(TODAY()),1,1)+1,366)))
A9: Workload insight
A10: =IF(UPPER(TRIM(Settings!$B$2))="YES","Workload suggestion dismissed.",LET(n,Settings!$B$3,ws,TODAY()-n+1,tr,COUNTIFS('Tasks Log'!$A$2:$A$4000,">="&ws,'Tasks Log'!$A$2:$A$4000,"<="&TODAY(),'Tasks Log'!$B$2:$B$4000,"<>"),td,COUNTIFS('Tasks Log'!$A$2:$A$4000,">="&ws,'Tasks Log'!$A$2:$A$4000,"<="&TODAY(),'Tasks Log'!$C$2:$C$4000,"Yes"),avgLoad,tr/MAX(n,1),avgDone,td/MAX(n,1),IF(tr=0,"Add dated tasks in Tasks Log to unlock workload insight.",IF(OR(AND(avgDone>0,avgLoad>avgDone*Settings!$B$4),AND(avgDone=0,avgLoad>0.2)),"Suggestion: you may be listing more tasks than you tend to complete in this window—consider reducing or spreading tasks. You can ignore this anytime in Settings.","Workload looks reasonable relative to recent completions."))))
A13: Pattern insight & add ideas
A14: =IFERROR(LET(u,UNIQUE(FILTER('Tasks Log'!$B$2:$B$4000,('Tasks Log'!$D$2:$D$4000>=3)*('Tasks Log'!$B$2:$B$4000<>""))),IF(ROWS(u)=0,"Add tasks in Tasks Log to learn your patterns.","Recurring tasks (3+ times in last 30 days): "&TEXTJOIN(", ",TRUE,u))),"Add tasks in Tasks Log to learn your patterns.")
A18: Today’s progress
A19: Planned today | B19: =COUNTIFS('Tasks Log'!$A$2:$A$4000,TODAY(),'Tasks Log'!$B$2:$B$4000,"<>")
A20: Completed today | B20: =COUNTIFS('Tasks Log'!$A$2:$A$4000,TODAY(),'Tasks Log'!$C$2:$C$4000,"Yes")
A21: Percent complete | B21: =LET(p,COUNTIFS('Tasks Log'!$A$2:$A$4000,TODAY(),'Tasks Log'!$B$2:$B$4000,"<>"),d,COUNTIFS('Tasks Log'!$A$2:$A$4000,TODAY(),'Tasks Log'!$C$2:$C$4000,"Yes"),IF(p>0,d/p,0))
A22: Progress bar | B22: =LET(p,COUNTIFS('Tasks Log'!$A$2:$A$4000,TODAY(),'Tasks Log'!$B$2:$B$4000,"<>"),d,COUNTIFS('Tasks Log'!$A$2:$A$4000,TODAY(),'Tasks Log'!$C$2:$C$4000,"Yes"),pct,IF(p>0,d/p,0),filled,MIN(20,MAX(0,ROUND(pct*20,0))),REPT(UNICHAR(9608),filled)&REPT(UNICHAR(9617),20-filled))
A24: Celebration | B24: =LET(p,COUNTIFS('Tasks Log'!$A$2:$A$4000,TODAY(),'Tasks Log'!$B$2:$B$4000,"<>"),d,COUNTIFS('Tasks Log'!$A$2:$A$4000,TODAY(),'Tasks Log'!$C$2:$C$4000,"Yes"),pct,IF(p>0,d/p,0),IF(AND(p>0,pct>=1),IMAGE("https://media.giphy.com/media/5GoVLqeAOo6PK/giphy.gif"),IF(p=0,"Add today’s tasks in Tasks Log to track progress.","Keep going—finish today’s tasks for a celebration.")))
A30: Where to edit
A31: Add and check off tasks on the Tasks Log tab for today’s date. Use Yes in Done when complete. The Dashboard updates automatically.

Sheet Tasks Log
A1: Date | B1: Task | C1: Done (Yes/No) | D1: Freq last 30d (helper)
D2: =IF(B2="","",COUNTIFS($B$2:$B$4000,B2,$A$2:$A$4000,">="&TODAY()-30))
D3: =IF(B3="","",COUNTIFS($B$2:$B$4000,B3,$A$2:$A$4000,">="&TODAY()-30))
D4: =IF(B4="","",COUNTIFS($B$2:$B$4000,B4,$A$2:$A$4000,">="&TODAY()-30))
D5: =IF(B5="","",COUNTIFS($B$2:$B$4000,B5,$A$2:$A$4000,">="&TODAY()-30))
D6: =IF(B6="","",COUNTIFS($B$2:$B$4000,B6,$A$2:$A$4000,">="&TODAY()-30))
D7: =IF(B7="","",COUNTIFS($B$2:$B$4000,B7,$A$2:$A$4000,">="&TODAY()-30))
D8: =IF(B8="","",COUNTIFS($B$2:$B$4000,B8,$A$2:$A$4000,">="&TODAY()-30))
D9: =IF(B9="","",COUNTIFS($B$2:$B$4000,B9,$A$2:$A$4000,">="&TODAY()-30))
D10: =IF(B10="","",COUNTIFS($B$2:$B$4000,B10,$A$2:$A$4000,">="&TODAY()-30))
D11: =IF(B11="","",COUNTIFS($B$2:$B$4000,B11,$A$2:$A$4000,">="&TODAY()-30))
D12: =IF(B12="","",COUNTIFS($B$2:$B$4000,B12,$A$2:$A$4000,">="&TODAY()-30))
D13: =IF(B13="","",COUNTIFS($B$2:$B$4000,B13,$A$2:$A$4000,">="&TODAY()-30))
... D4000: =IF(B4000="","",COUNTIFS($B$2:$B$4000,B4000,$A$2:$A$4000,">="&TODAY()-30))

Sheet Settings
A1: Last affirmation dismissed (date)
A2: Ignore workload suggestion (type Yes to ignore) | B2: No
A3: Lookback days for workload insight | B3: 14
A4: Workload ratio threshold (e.g. 1.15) | B4: 1.15

Sheet Affirmations
A1: DayIndex | B1: Affirmation
A2: 1 | B2: Small steps today build big results tomorrow.
A3: 2 | B3: Your effort counts, even when progress feels quiet.
A4: 3 | B4: You can begin again at any moment.
A5: 4 | B5: Focus on progress, not perfection.
A6: 5 | B6: Consistency beats intensity on hard days.
A7: 6 | B7: You are allowed to move at your own pace.
A8: 7 | B8: Clarity grows when you show up honestly.
A9: 8 | B9: One task completed is momentum created.
A10: 9 | B10: Rest is part of sustainable growth.
A11: 10 | B11: You can choose a helpful next step right now.
A12: 11 | B12: Curiosity opens doors that fear keeps closed.
A13: 12 | B13: Your future self will thank today’s patience.
... A367: 366 | B367: You can let go of guilt after you adjust the plan.
